country_name,country_code,year,death_rate_per_1000
Afghanistan,AFG,2016,7.32
Afghanistan,AFG,2017,7.315
Afghanistan,AFG,2018,7.271
Afghanistan,AFG,2019,7.064
Afghanistan,AFG,2020,7.565
Afghanistan,AFG,2021,8.002
Afghanistan,AFG,2022,5.993
Afghanistan,AFG,2023,5.797
Afghanistan,AFG,2024,5.702
Albania,ALB,2016,7.288
Albania,ALB,2017,7.373
Albania,ALB,2018,7.375
Albania,ALB,2019,7.473
Albania,ALB,2020,9.08
Albania,ALB,2021,10.262
Albania,ALB,2022,8.709
Albania,ALB,2023,8.332
Albania,ALB,2024,8.457
Algeria,DZA,2016,4.647
Algeria,DZA,2017,4.66
Algeria,DZA,2018,4.667
Algeria,DZA,2019,4.681
Algeria,DZA,2020,5.988
Algeria,DZA,2021,4.96
Algeria,DZA,2022,4.602
Algeria,DZA,2023,4.641
Algeria,DZA,2024,4.618
American Samoa,ASM,2016,5.75
American Samoa,ASM,2017,5.846
American Samoa,ASM,2018,6.011
American Samoa,ASM,2019,6.191
American Samoa,ASM,2020,6.35
American Samoa,ASM,2021,6.583
American Samoa,ASM,2022,6.815
American Samoa,ASM,2023,7.021
American Samoa,ASM,2024,7.293
Andorra,AND,2016,5.412
Andorra,AND,2017,5.436
Andorra,AND,2018,5.48
Andorra,AND,2019,5.56
Andorra,AND,2020,8.285
Andorra,AND,2021,6.983
Andorra,AND,2022,5.948
Andorra,AND,2023,6.076
Andorra,AND,2024,6.139
Angola,AGO,2016,8.476
Angola,AGO,2017,8.192
Angola,AGO,2018,7.928
Angola,AGO,2019,7.701
Angola,AGO,2020,7.628
Angola,AGO,2021,7.619
Angola,AGO,2022,7.097
Angola,AGO,2023,6.925
Angola,AGO,2024,6.84
Antigua and Barbuda,ATG,2016,6.142
Antigua and Barbuda,ATG,2017,6.228
Antigua and Barbuda,ATG,2018,6.312
Antigua and Barbuda,ATG,2019,6.448
Antigua and Barbuda,ATG,2020,6.605
Antigua and Barbuda,ATG,2021,6.806
Antigua and Barbuda,ATG,2022,6.771
Antigua and Barbuda,ATG,2023,6.893
Antigua and Barbuda,ATG,2024,7.028
Argentina,ARG,2016,7.865
Argentina,ARG,2017,7.682
Argentina,ARG,2018,7.583
Argentina,ARG,2019,7.676
Argentina,ARG,2020,8.45
Argentina,ARG,2021,9.725
Argentina,ARG,2022,8.797
Argentina,ARG,2023,7.668
Argentina,ARG,2024,7.732
Armenia,ARM,2016,9.4
Armenia,ARM,2017,9.1
Armenia,ARM,2018,8.7
Armenia,ARM,2019,8.8
Armenia,ARM,2020,12.2
Armenia,ARM,2021,11.6
Armenia,ARM,2022,9.0
Armenia,ARM,2023,8.2
Armenia,ARM,2024,8.4
Aruba,ABW,2016,7.257
Aruba,ABW,2017,6.594
Aruba,ABW,2018,6.703
Aruba,ABW,2019,6.145
Aruba,ABW,2020,6.842
Aruba,ABW,2021,8.951
Aruba,ABW,2022,8.191
Aruba,ABW,2023,7.582
Aruba,ABW,2024,7.778
Australia,AUS,2016,6.6
Australia,AUS,2017,6.5
Australia,AUS,2018,6.3
Australia,AUS,2019,6.7
Australia,AUS,2020,6.3
Australia,AUS,2021,6.7
Australia,AUS,2022,7.3
Australia,AUS,2023,6.875
Australia,AUS,2024,6.884
Austria,AUT,2016,9.2
Austria,AUT,2017,9.5
Austria,AUT,2018,9.5
Austria,AUT,2019,9.4
Austria,AUT,2020,10.3
Austria,AUT,2021,10.3
Austria,AUT,2022,10.3
Austria,AUT,2023,9.8
Austria,AUT,2024,9.6
Azerbaijan,AZE,2016,5.8
Azerbaijan,AZE,2017,5.8
Azerbaijan,AZE,2018,5.8
Azerbaijan,AZE,2019,5.6
Azerbaijan,AZE,2020,7.5
Azerbaijan,AZE,2021,7.6
Azerbaijan,AZE,2022,6.0
Azerbaijan,AZE,2023,5.9
Azerbaijan,AZE,2024,5.8
"Bahamas, The",BHS,2016,7.94
"Bahamas, The",BHS,2017,8.12
"Bahamas, The",BHS,2018,8.276
"Bahamas, The",BHS,2019,9.321
"Bahamas, The",BHS,2020,9.523
"Bahamas, The",BHS,2021,11.259
"Bahamas, The",BHS,2022,8.558
"Bahamas, The",BHS,2023,8.713
"Bahamas, The",BHS,2024,8.77
Bahrain,BHR,2016,1.983
Bahrain,BHR,2017,1.987
Bahrain,BHR,2018,2.035
Bahrain,BHR,2019,2.104
Bahrain,BHR,2020,2.586
Bahrain,BHR,2021,2.804
Bahrain,BHR,2022,2.094
Bahrain,BHR,2023,2.089
Bahrain,BHR,2024,2.21
Bangladesh,BGD,2016,5.575
Bangladesh,BGD,2017,5.512
Bangladesh,BGD,2018,5.442
Bangladesh,BGD,2019,5.372
Bangladesh,BGD,2020,6.126
Bangladesh,BGD,2021,6.317
Bangladesh,BGD,2022,5.037
Bangladesh,BGD,2023,5.01
Bangladesh,BGD,2024,5.105
Barbados,BRB,2016,9.36
Barbados,BRB,2017,9.427
Barbados,BRB,2018,9.459
Barbados,BRB,2019,9.517
Barbados,BRB,2020,9.548
Barbados,BRB,2021,9.817
Barbados,BRB,2022,11.097
Barbados,BRB,2023,10.613
Barbados,BRB,2024,10.23
Belarus,BLR,2016,12.6
Belarus,BLR,2017,12.6
Belarus,BLR,2018,12.7
Belarus,BLR,2019,12.8
Belarus,BLR,2020,15.784
Belarus,BLR,2021,15.839
Belarus,BLR,2022,13.246
Belarus,BLR,2023,13.338
Belarus,BLR,2024,13.136
Belgium,BEL,2016,9.5
Belgium,BEL,2017,9.6
Belgium,BEL,2018,9.7
Belgium,BEL,2019,9.5
Belgium,BEL,2020,11.0
Belgium,BEL,2021,9.7
Belgium,BEL,2022,10.0
Belgium,BEL,2023,9.4
Belgium,BEL,2024,9.5
Belize,BLZ,2016,5.113
Belize,BLZ,2017,5.094
Belize,BLZ,2018,5.07
Belize,BLZ,2019,5.04
Belize,BLZ,2020,5.576
Belize,BLZ,2021,5.95
Belize,BLZ,2022,5.409
Belize,BLZ,2023,4.925
Belize,BLZ,2024,4.96
Benin,BEN,2016,9.783
Benin,BEN,2017,9.62
Benin,BEN,2018,9.477
Benin,BEN,2019,9.335
Benin,BEN,2020,9.17
Benin,BEN,2021,9.349
Benin,BEN,2022,8.948
Benin,BEN,2023,8.797
Benin,BEN,2024,8.71
Bermuda,BMU,2016,8.62
Bermuda,BMU,2017,8.691
Bermuda,BMU,2018,8.689
Bermuda,BMU,2019,8.705
Bermuda,BMU,2020,8.755
Bermuda,BMU,2021,8.762
Bermuda,BMU,2022,8.772
Bermuda,BMU,2023,8.858
Bermuda,BMU,2024,9.004
Bhutan,BTN,2016,6.568
Bhutan,BTN,2017,6.643
Bhutan,BTN,2018,6.48
Bhutan,BTN,2019,6.35
Bhutan,BTN,2020,6.275
Bhutan,BTN,2021,6.234
Bhutan,BTN,2022,6.143
Bhutan,BTN,2023,6.11
Bhutan,BTN,2024,6.065
Bolivia,BOL,2016,7.614
Bolivia,BOL,2017,7.591
Bolivia,BOL,2018,7.561
Bolivia,BOL,2019,7.555
Bolivia,BOL,2020,10.836
Bolivia,BOL,2021,11.791
Bolivia,BOL,2022,7.681
Bolivia,BOL,2023,7.172
Bolivia,BOL,2024,7.172
Bosnia and Herzegovina,BIH,2016,12.228
Bosnia and Herzegovina,BIH,2017,12.304
Bosnia and Herzegovina,BIH,2018,11.98
Bosnia and Herzegovina,BIH,2019,13.102
Bosnia and Herzegovina,BIH,2020,15.173
Bosnia and Herzegovina,BIH,2021,18.387
Bosnia and Herzegovina,BIH,2022,14.05
Bosnia and Herzegovina,BIH,2023,13.457
Bosnia and Herzegovina,BIH,2024,13.522
Botswana,BWA,2016,7.463
Botswana,BWA,2017,7.035
Botswana,BWA,2018,6.685
Botswana,BWA,2019,6.408
Botswana,BWA,2020,6.254
Botswana,BWA,2021,8.393
Botswana,BWA,2022,5.826
Botswana,BWA,2023,5.724
Botswana,BWA,2024,5.738
Brazil,BRA,2016,6.226
Brazil,BRA,2017,6.256
Brazil,BRA,2018,6.337
Brazil,BRA,2019,6.452
Brazil,BRA,2020,7.502
Brazil,BRA,2021,8.366
Brazil,BRA,2022,7.539
Brazil,BRA,2023,7.077
Brazil,BRA,2024,7.068
British Virgin Islands,VGB,2016,5.788
British Virgin Islands,VGB,2017,5.639
British Virgin Islands,VGB,2018,5.326
British Virgin Islands,VGB,2019,5.724
British Virgin Islands,VGB,2020,5.791
British Virgin Islands,VGB,2021,7.038
British Virgin Islands,VGB,2022,5.908
British Virgin Islands,VGB,2023,5.972
British Virgin Islands,VGB,2024,6.049
Brunei Darussalam,BRN,2016,4.381
Brunei Darussalam,BRN,2017,4.509
Brunei Darussalam,BRN,2018,4.641
Brunei Darussalam,BRN,2019,4.779
Brunei Darussalam,BRN,2020,4.922
Brunei Darussalam,BRN,2021,5.238
Brunei Darussalam,BRN,2022,6.559
Brunei Darussalam,BRN,2023,5.23
Brunei Darussalam,BRN,2024,5.335
Bulgaria,BGR,2016,15.6
Bulgaria,BGR,2017,16.1
Bulgaria,BGR,2018,16.2
Bulgaria,BGR,2019,16.3
Bulgaria,BGR,2020,19.0
Bulgaria,BGR,2021,22.9
Bulgaria,BGR,2022,18.4
Bulgaria,BGR,2023,15.7
Bulgaria,BGR,2024,15.6
Burkina Faso,BFA,2016,9.366
Burkina Faso,BFA,2017,9.077
Burkina Faso,BFA,2018,8.778
Burkina Faso,BFA,2019,8.564
Burkina Faso,BFA,2020,8.325
Burkina Faso,BFA,2021,8.435
Burkina Faso,BFA,2022,8.135
Burkina Faso,BFA,2023,7.964
Burkina Faso,BFA,2024,7.915
Burundi,BDI,2016,8.209
Burundi,BDI,2017,7.864
Burundi,BDI,2018,7.559
Burundi,BDI,2019,7.394
Burundi,BDI,2020,7.191
Burundi,BDI,2021,7.306
Burundi,BDI,2022,6.997
Burundi,BDI,2023,6.718
Burundi,BDI,2024,6.67
Cabo Verde,CPV,2016,5.15
Cabo Verde,CPV,2017,5.115
Cabo Verde,CPV,2018,5.162
Cabo Verde,CPV,2019,5.004
Cabo Verde,CPV,2020,5.886
Cabo Verde,CPV,2021,5.648
Cabo Verde,CPV,2022,5.004
Cabo Verde,CPV,2023,5.059
Cabo Verde,CPV,2024,5.096
Cambodia,KHM,2016,6.033
Cambodia,KHM,2017,6.067
Cambodia,KHM,2018,6.126
Cambodia,KHM,2019,6.189
Cambodia,KHM,2020,6.341
Cambodia,KHM,2021,6.827
Cambodia,KHM,2022,6.323
Cambodia,KHM,2023,6.39
Cambodia,KHM,2024,6.454
Cameroon,CMR,2016,8.908
Cameroon,CMR,2017,8.65
Cameroon,CMR,2018,8.431
Cameroon,CMR,2019,8.163
Cameroon,CMR,2020,8.107
Cameroon,CMR,2021,8.258
Cameroon,CMR,2022,7.673
Cameroon,CMR,2023,7.151
Cameroon,CMR,2024,7.032
Canada,CAN,2016,7.4
Canada,CAN,2017,7.6
Canada,CAN,2018,7.7
Canada,CAN,2019,7.6
Canada,CAN,2020,8.1
Canada,CAN,2021,8.2
Canada,CAN,2022,8.7
Canada,CAN,2023,8.2
Canada,CAN,2024,7.9
Cayman Islands,CYM,2016,4.723
Cayman Islands,CYM,2017,4.735
Cayman Islands,CYM,2018,4.767
Cayman Islands,CYM,2019,4.809
Cayman Islands,CYM,2020,4.873
Cayman Islands,CYM,2021,4.984
Cayman Islands,CYM,2022,4.82
Cayman Islands,CYM,2023,4.801
Cayman Islands,CYM,2024,4.863
Central African Republic,CAF,2016,13.177
Central African Republic,CAF,2017,16.943
Central African Republic,CAF,2018,12.403
Central African Republic,CAF,2019,30.25
Central African Republic,CAF,2020,13.259
Central African Republic,CAF,2021,20.89
Central African Republic,CAF,2022,55.126
Central African Republic,CAF,2023,9.419
Central African Republic,CAF,2024,9.379
Chad,TCD,2016,13.548
Chad,TCD,2017,13.277
Chad,TCD,2018,12.857
Chad,TCD,2019,12.519
Chad,TCD,2020,12.328
Chad,TCD,2021,12.162
Chad,TCD,2022,11.486
Chad,TCD,2023,11.032
Chad,TCD,2024,11.08
Channel Islands,CHI,2016,9.2
Channel Islands,CHI,2017,9.5
Channel Islands,CHI,2018,9.6
Channel Islands,CHI,2019,9.7
Channel Islands,CHI,2020,10.2
Channel Islands,CHI,2021,10.9
Channel Islands,CHI,2022,10.3
Channel Islands,CHI,2023,10.4
Channel Islands,CHI,2024,10.4
Chile,CHL,2016,6.086
Chile,CHL,2017,6.037
Chile,CHL,2018,6.196
Chile,CHL,2019,6.46
Chile,CHL,2020,7.393
Chile,CHL,2021,7.655
Chile,CHL,2022,7.573
Chile,CHL,2023,6.495
Chile,CHL,2024,6.58
China,CHN,2016,7.04
China,CHN,2017,7.06
China,CHN,2018,7.08
China,CHN,2019,7.09
China,CHN,2020,7.07
China,CHN,2021,7.18
China,CHN,2022,7.37
China,CHN,2023,7.87
China,CHN,2024,7.76
Colombia,COL,2016,5.31
Colombia,COL,2017,5.315
Colombia,COL,2018,5.35
Colombia,COL,2019,5.38
Colombia,COL,2020,6.621
Colombia,COL,2021,7.869
Colombia,COL,2022,5.881
Colombia,COL,2023,5.398
Colombia,COL,2024,5.466
Comoros,COM,2016,7.943
Comoros,COM,2017,7.828
Comoros,COM,2018,7.733
Comoros,COM,2019,7.644
Comoros,COM,2020,7.662
Comoros,COM,2021,7.932
Comoros,COM,2022,7.3
Comoros,COM,2023,7.196
Comoros,COM,2024,7.123
"Congo, Dem. Rep.",COD,2016,10.076
"Congo, Dem. Rep.",COD,2017,9.867
"Congo, Dem. Rep.",COD,2018,9.647
"Congo, Dem. Rep.",COD,2019,9.46
"Congo, Dem. Rep.",COD,2020,9.31
"Congo, Dem. Rep.",COD,2021,9.38
"Congo, Dem. Rep.",COD,2022,8.93
"Congo, Dem. Rep.",COD,2023,8.525
"Congo, Dem. Rep.",COD,2024,8.424
"Congo, Rep.",COG,2016,7.026
"Congo, Rep.",COG,2017,6.881
"Congo, Rep.",COG,2018,6.758
"Congo, Rep.",COG,2019,7.344
"Congo, Rep.",COG,2020,6.798
"Congo, Rep.",COG,2021,6.897
"Congo, Rep.",COG,2022,6.571
"Congo, Rep.",COG,2023,6.288
"Congo, Rep.",COG,2024,6.241
Costa Rica,CRI,2016,4.822
Costa Rica,CRI,2017,4.964
Costa Rica,CRI,2018,5.056
Costa Rica,CRI,2019,5.124
Costa Rica,CRI,2020,5.573
Costa Rica,CRI,2021,6.567
Costa Rica,CRI,2022,6.106
Costa Rica,CRI,2023,5.457
Costa Rica,CRI,2024,5.566
Cote d'Ivoire,CIV,2016,9.437
Cote d'Ivoire,CIV,2017,9.103
Cote d'Ivoire,CIV,2018,8.776
Cote d'Ivoire,CIV,2019,8.492
Cote d'Ivoire,CIV,2020,8.493
Cote d'Ivoire,CIV,2021,8.378
Cote d'Ivoire,CIV,2022,7.816
Cote d'Ivoire,CIV,2023,7.66
Cote d'Ivoire,CIV,2024,7.607
Croatia,HRV,2016,12.6
Croatia,HRV,2017,13.2
Croatia,HRV,2018,13.2
Croatia,HRV,2019,13.1
Croatia,HRV,2020,14.6
Croatia,HRV,2021,16.2
Croatia,HRV,2022,14.8
Croatia,HRV,2023,13.3
Croatia,HRV,2024,13.2
Cuba,CUB,2016,9.44
Cuba,CUB,2017,9.91
Cuba,CUB,2018,9.866
Cuba,CUB,2019,10.047
Cuba,CUB,2020,10.403
Cuba,CUB,2021,15.253
Cuba,CUB,2022,10.286
Cuba,CUB,2023,10.147
Cuba,CUB,2024,10.375
Curacao,CUW,2016,9.3
Curacao,CUW,2017,8.9
Curacao,CUW,2018,8.8
Curacao,CUW,2019,8.8
Curacao,CUW,2020,9.3
Curacao,CUW,2021,11.0
Curacao,CUW,2022,10.3
Curacao,CUW,2023,9.8
Curacao,CUW,2024,10.1
Cyprus,CYP,2016,6.135
Cyprus,CYP,2017,6.309
Cyprus,CYP,2018,6.382
Cyprus,CYP,2019,6.6
Cyprus,CYP,2020,6.668
Cyprus,CYP,2021,7.209
Cyprus,CYP,2022,7.693
Cyprus,CYP,2023,7.063
Cyprus,CYP,2024,7.016
Czechia,CZE,2016,10.2
Czechia,CZE,2017,10.5
Czechia,CZE,2018,10.6
Czechia,CZE,2019,10.5
Czechia,CZE,2020,12.1
Czechia,CZE,2021,13.3
Czechia,CZE,2022,11.3
Czechia,CZE,2023,10.4
Czechia,CZE,2024,10.3
Denmark,DNK,2016,9.2
Denmark,DNK,2017,9.2
Denmark,DNK,2018,9.5
Denmark,DNK,2019,9.3
Denmark,DNK,2020,9.4
Denmark,DNK,2021,9.8
Denmark,DNK,2022,10.1
Denmark,DNK,2023,9.8
Denmark,DNK,2024,9.5
Djibouti,DJI,2016,8.007
Djibouti,DJI,2017,7.921
Djibouti,DJI,2018,7.83
Djibouti,DJI,2019,7.797
Djibouti,DJI,2020,8.033
Djibouti,DJI,2021,8.327
Djibouti,DJI,2022,7.544
Djibouti,DJI,2023,7.456
Djibouti,DJI,2024,7.487
Dominica,DMA,2016,10.374
Dominica,DMA,2017,13.626
Dominica,DMA,2018,12.517
Dominica,DMA,2019,12.611
Dominica,DMA,2020,12.706
Dominica,DMA,2021,14.31
Dominica,DMA,2022,12.908
Dominica,DMA,2023,12.763
Dominica,DMA,2024,12.623
Dominican Republic,DOM,2016,5.876
Dominican Republic,DOM,2017,5.8
Dominican Republic,DOM,2018,5.857
Dominican Republic,DOM,2019,6.132
Dominican Republic,DOM,2020,6.474
Dominican Republic,DOM,2021,6.986
Dominican Republic,DOM,2022,5.899
Dominican Republic,DOM,2023,6.25
Dominican Republic,DOM,2024,6.249
Ecuador,ECU,2016,5.005
Ecuador,ECU,2017,5.066
Ecuador,ECU,2018,4.648
Ecuador,ECU,2019,4.753
Ecuador,ECU,2020,7.474
Ecuador,ECU,2021,7.108
Ecuador,ECU,2022,5.363
Ecuador,ECU,2023,5.128
Ecuador,ECU,2024,5.207
"Egypt, Arab Rep.",EGY,2016,5.707
"Egypt, Arab Rep.",EGY,2017,5.628
"Egypt, Arab Rep.",EGY,2018,5.533
"Egypt, Arab Rep.",EGY,2019,5.477
"Egypt, Arab Rep.",EGY,2020,6.407
"Egypt, Arab Rep.",EGY,2021,7.036
"Egypt, Arab Rep.",EGY,2022,5.675
"Egypt, Arab Rep.",EGY,2023,5.461
"Egypt, Arab Rep.",EGY,2024,5.506
El Salvador,SLV,2016,7.449
El Salvador,SLV,2017,7.494
El Salvador,SLV,2018,7.437
El Salvador,SLV,2019,7.439
El Salvador,SLV,2020,8.565
El Salvador,SLV,2021,8.712
El Salvador,SLV,2022,7.459
El Salvador,SLV,2023,7.519
El Salvador,SLV,2024,7.47
Equatorial Guinea,GNQ,2016,9.14
Equatorial Guinea,GNQ,2017,8.915
Equatorial Guinea,GNQ,2018,8.686
Equatorial Guinea,GNQ,2019,8.496
Equatorial Guinea,GNQ,2020,8.633
Equatorial Guinea,GNQ,2021,8.438
Equatorial Guinea,GNQ,2022,8.015
Equatorial Guinea,GNQ,2023,7.878
Equatorial Guinea,GNQ,2024,7.851
Eritrea,ERI,2016,6.729
Eritrea,ERI,2017,6.604
Eritrea,ERI,2018,6.484
Eritrea,ERI,2019,6.413
Eritrea,ERI,2020,6.582
Eritrea,ERI,2021,6.612
Eritrea,ERI,2022,6.319
Eritrea,ERI,2023,6.047
Eritrea,ERI,2024,5.995
Estonia,EST,2016,11.7
Estonia,EST,2017,11.8
Estonia,EST,2018,11.9
Estonia,EST,2019,11.6
Estonia,EST,2020,11.9
Estonia,EST,2021,14.0
Estonia,EST,2022,12.8
Estonia,EST,2023,11.7
Estonia,EST,2024,11.5
Eswatini,SWZ,2016,10.891
Eswatini,SWZ,2017,10.281
Eswatini,SWZ,2018,9.822
Eswatini,SWZ,2019,9.372
Eswatini,SWZ,2020,9.545
Eswatini,SWZ,2021,10.607
Eswatini,SWZ,2022,8.1
Eswatini,SWZ,2023,7.7
Eswatini,SWZ,2024,7.731
Ethiopia,ETH,2016,6.999
Ethiopia,ETH,2017,6.786
Ethiopia,ETH,2018,6.631
Ethiopia,ETH,2019,6.481
Ethiopia,ETH,2020,6.403
Ethiopia,ETH,2021,6.638
Ethiopia,ETH,2022,6.093
Ethiopia,ETH,2023,5.96
Ethiopia,ETH,2024,5.879
Faroe Islands,FRO,2016,7.666
Faroe Islands,FRO,2017,8.938
Faroe Islands,FRO,2018,7.748
Faroe Islands,FRO,2019,7.974
Faroe Islands,FRO,2020,6.996
Faroe Islands,FRO,2021,8.087
Faroe Islands,FRO,2022,9.058
Faroe Islands,FRO,2023,7.639
Faroe Islands,FRO,2024,8.203
Fiji,FJI,2016,8.792
Fiji,FJI,2017,8.695
Fiji,FJI,2018,8.939
Fiji,FJI,2019,9.092
Fiji,FJI,2020,9.286
Fiji,FJI,2021,11.157
Fiji,FJI,2022,9.299
Fiji,FJI,2023,9.255
Fiji,FJI,2024,9.511
Finland,FIN,2016,9.8
Finland,FIN,2017,9.8
Finland,FIN,2018,9.9
Finland,FIN,2019,9.8
Finland,FIN,2020,10.0
Finland,FIN,2021,10.4
Finland,FIN,2022,11.4
Finland,FIN,2023,11.0
Finland,FIN,2024,10.4
France,FRA,2016,8.9
France,FRA,2017,9.1
France,FRA,2018,9.1
France,FRA,2019,9.1
France,FRA,2020,9.9
France,FRA,2021,9.8
France,FRA,2022,9.9
France,FRA,2023,9.4
France,FRA,2024,9.4
French Polynesia,PYF,2016,3.175
French Polynesia,PYF,2017,3.225
French Polynesia,PYF,2018,3.292
French Polynesia,PYF,2019,3.369
French Polynesia,PYF,2020,3.812
French Polynesia,PYF,2021,5.245
French Polynesia,PYF,2022,3.529
French Polynesia,PYF,2023,3.649
French Polynesia,PYF,2024,3.808
Gabon,GAB,2016,7.024
Gabon,GAB,2017,6.918
Gabon,GAB,2018,6.817
Gabon,GAB,2019,6.693
Gabon,GAB,2020,6.831
Gabon,GAB,2021,6.802
Gabon,GAB,2022,6.519
Gabon,GAB,2023,6.269
Gabon,GAB,2024,6.226
"Gambia, The",GMB,2016,7.288
"Gambia, The",GMB,2017,7.123
"Gambia, The",GMB,2018,6.964
"Gambia, The",GMB,2019,6.807
"Gambia, The",GMB,2020,6.797
"Gambia, The",GMB,2021,7.01
"Gambia, The",GMB,2022,6.635
"Gambia, The",GMB,2023,6.292
"Gambia, The",GMB,2024,6.249
Georgia,GEO,2016,12.774
Georgia,GEO,2017,12.654
Georgia,GEO,2018,12.078
Georgia,GEO,2019,12.081
Georgia,GEO,2020,12.963
Georgia,GEO,2021,15.342
Georgia,GEO,2022,12.211
Georgia,GEO,2023,11.839
Georgia,GEO,2024,11.836
Germany,DEU,2016,11.1
Germany,DEU,2017,11.3
Germany,DEU,2018,11.5
Germany,DEU,2019,11.3
Germany,DEU,2020,11.9
Germany,DEU,2021,12.3
Germany,DEU,2022,12.8
Germany,DEU,2023,12.3
Germany,DEU,2024,12.1
Ghana,GHA,2016,7.693
Ghana,GHA,2017,7.558
Ghana,GHA,2018,7.448
Ghana,GHA,2019,7.34
Ghana,GHA,2020,7.439
Ghana,GHA,2021,7.482
Ghana,GHA,2022,7.095
Ghana,GHA,2023,7.04
Ghana,GHA,2024,7.009
Gibraltar,GIB,2016,7.074
Gibraltar,GIB,2017,7.008
Gibraltar,GIB,2018,6.909
Gibraltar,GIB,2019,6.811
Gibraltar,GIB,2020,6.89
Gibraltar,GIB,2021,8.847
Gibraltar,GIB,2022,6.409
Gibraltar,GIB,2023,6.51
Gibraltar,GIB,2024,6.589
Greece,GRC,2016,11.0
Greece,GRC,2017,11.6
Greece,GRC,2018,11.2
Greece,GRC,2019,11.7
Greece,GRC,2020,12.2
Greece,GRC,2021,13.6
Greece,GRC,2022,13.4
Greece,GRC,2023,12.2
Greece,GRC,2024,12.1
Greenland,GRL,2016,8.7
Greenland,GRL,2017,8.9
Greenland,GRL,2018,8.7
Greenland,GRL,2019,9.7
Greenland,GRL,2020,9.2
Greenland,GRL,2021,9.4
Greenland,GRL,2022,9.3
Greenland,GRL,2023,9.4
Greenland,GRL,2024,9.3
Grenada,GRD,2016,8.023
Grenada,GRD,2017,8.166
Grenada,GRD,2018,8.332
Grenada,GRD,2019,8.481
Grenada,GRD,2020,8.604
Grenada,GRD,2021,9.198
Grenada,GRD,2022,8.763
Grenada,GRD,2023,8.859
Grenada,GRD,2024,8.918
Guam,GUM,2016,6.132
Guam,GUM,2017,6.291
Guam,GUM,2018,6.412
Guam,GUM,2019,6.534
Guam,GUM,2020,7.223
Guam,GUM,2021,7.414
Guam,GUM,2022,6.736
Guam,GUM,2023,6.868
Guam,GUM,2024,6.92
Guatemala,GTM,2016,5.174
Guatemala,GTM,2017,5.081
Guatemala,GTM,2018,5.135
Guatemala,GTM,2019,5.117
Guatemala,GTM,2020,5.835
Guatemala,GTM,2021,6.909
Guatemala,GTM,2022,5.281
Guatemala,GTM,2023,4.829
Guatemala,GTM,2024,4.86
Guinea,GIN,2016,10.527
Guinea,GIN,2017,10.365
Guinea,GIN,2018,10.151
Guinea,GIN,2019,9.945
Guinea,GIN,2020,9.919
Guinea,GIN,2021,9.811
Guinea,GIN,2022,9.3
Guinea,GIN,2023,9.125
Guinea,GIN,2024,9.028
Guinea-Bissau,GNB,2016,8.662
Guinea-Bissau,GNB,2017,8.36
Guinea-Bissau,GNB,2018,8.1
Guinea-Bissau,GNB,2019,7.863
Guinea-Bissau,GNB,2020,8.201
Guinea-Bissau,GNB,2021,8.023
Guinea-Bissau,GNB,2022,7.224
Guinea-Bissau,GNB,2023,7.05
Guinea-Bissau,GNB,2024,7.009
Guyana,GUY,2016,7.705
Guyana,GUY,2017,7.59
Guyana,GUY,2018,7.407
Guyana,GUY,2019,7.503
Guyana,GUY,2020,8.49
Guyana,GUY,2021,10.998
Guyana,GUY,2022,7.309
Guyana,GUY,2023,7.32
Guyana,GUY,2024,7.477
Haiti,HTI,2016,8.15
Haiti,HTI,2017,7.977
Haiti,HTI,2018,7.927
Haiti,HTI,2019,7.876
Haiti,HTI,2020,8.284
Haiti,HTI,2021,8.941
Haiti,HTI,2022,8.272
Haiti,HTI,2023,7.817
Haiti,HTI,2024,7.804
Honduras,HND,2016,4.442
Honduras,HND,2017,4.446
Honduras,HND,2018,4.452
Honduras,HND,2019,4.486
Honduras,HND,2020,5.06
Honduras,HND,2021,5.727
Honduras,HND,2022,4.442
Honduras,HND,2023,4.478
Honduras,HND,2024,4.519
"Hong Kong SAR, China",HKG,2016,6.4
"Hong Kong SAR, China",HKG,2017,6.3
"Hong Kong SAR, China",HKG,2018,6.4
"Hong Kong SAR, China",HKG,2019,6.5
"Hong Kong SAR, China",HKG,2020,6.8
"Hong Kong SAR, China",HKG,2021,6.9
"Hong Kong SAR, China",HKG,2022,8.7
"Hong Kong SAR, China",HKG,2023,7.3
"Hong Kong SAR, China",HKG,2024,7.0
Hungary,HUN,2016,13.0
Hungary,HUN,2017,13.6
Hungary,HUN,2018,13.5
Hungary,HUN,2019,13.4
Hungary,HUN,2020,14.6
Hungary,HUN,2021,16.2
Hungary,HUN,2022,14.2
Hungary,HUN,2023,13.4
Hungary,HUN,2024,13.4
Iceland,ISL,2016,6.9
Iceland,ISL,2017,6.5
Iceland,ISL,2018,6.4
Iceland,ISL,2019,6.3
Iceland,ISL,2020,6.3
Iceland,ISL,2021,6.3
Iceland,ISL,2022,7.0
Iceland,ISL,2023,6.7
Iceland,ISL,2024,6.8
India,IND,2016,6.7
India,IND,2017,6.673
India,IND,2018,6.67
India,IND,2019,6.67
India,IND,2020,7.214
India,IND,2021,9.259
India,IND,2022,6.576
India,IND,2023,6.611
India,IND,2024,6.587
Indonesia,IDN,2016,7.502
Indonesia,IDN,2017,7.506
Indonesia,IDN,2018,7.562
Indonesia,IDN,2019,7.558
Indonesia,IDN,2020,8.843
Indonesia,IDN,2021,10.042
Indonesia,IDN,2022,7.492
Indonesia,IDN,2023,7.531
Indonesia,IDN,2024,7.624
"Iran, Islamic Rep.",IRN,2016,4.625
"Iran, Islamic Rep.",IRN,2017,4.631
"Iran, Islamic Rep.",IRN,2018,4.645
"Iran, Islamic Rep.",IRN,2019,4.659
"Iran, Islamic Rep.",IRN,2020,6.439
"Iran, Islamic Rep.",IRN,2021,6.387
"Iran, Islamic Rep.",IRN,2022,4.897
"Iran, Islamic Rep.",IRN,2023,4.672
"Iran, Islamic Rep.",IRN,2024,4.754
Iraq,IRQ,2016,5.2
Iraq,IRQ,2017,4.802
Iraq,IRQ,2018,4.361
Iraq,IRQ,2019,4.36
Iraq,IRQ,2020,4.997
Iraq,IRQ,2021,4.579
Iraq,IRQ,2022,4.164
Iraq,IRQ,2023,4.132
Iraq,IRQ,2024,4.166
Ireland,IRL,2016,6.4
Ireland,IRL,2017,6.3
Ireland,IRL,2018,6.4
Ireland,IRL,2019,6.2
Ireland,IRL,2020,6.4
Ireland,IRL,2021,6.7
Ireland,IRL,2022,6.7
Ireland,IRL,2023,6.6
Ireland,IRL,2024,6.5
Isle of Man,IMN,2016,9.922
Isle of Man,IMN,2017,9.974
Isle of Man,IMN,2018,10.032
Isle of Man,IMN,2019,10.085
Isle of Man,IMN,2020,10.437
Isle of Man,IMN,2021,10.725
Isle of Man,IMN,2022,10.267
Isle of Man,IMN,2023,10.476
Isle of Man,IMN,2024,10.649
Israel,ISR,2016,5.2
Israel,ISR,2017,5.2
Israel,ISR,2018,5.0
Israel,ISR,2019,5.1
Israel,ISR,2020,5.3
Israel,ISR,2021,5.4
Israel,ISR,2022,5.4
Israel,ISR,2023,5.2
Israel,ISR,2024,5.3
Italy,ITA,2016,10.2
Italy,ITA,2017,10.8
Italy,ITA,2018,10.6
Italy,ITA,2019,10.6
Italy,ITA,2020,12.5
Italy,ITA,2021,11.9
Italy,ITA,2022,12.1
Italy,ITA,2023,11.4
Italy,ITA,2024,11.0
Jamaica,JAM,2016,6.911
Jamaica,JAM,2017,7.117
Jamaica,JAM,2018,7.366
Jamaica,JAM,2019,7.531
Jamaica,JAM,2020,7.717
Jamaica,JAM,2021,9.705
Jamaica,JAM,2022,7.905
Jamaica,JAM,2023,8.076
Jamaica,JAM,2024,8.206
Japan,JPN,2016,10.5
Japan,JPN,2017,10.8
Japan,JPN,2018,11.0
Japan,JPN,2019,11.2
Japan,JPN,2020,11.1
Japan,JPN,2021,11.7
Japan,JPN,2022,12.9
Japan,JPN,2023,13.0
Japan,JPN,2024,13.3
Jordan,JOR,2016,3.172
Jordan,JOR,2017,3.098
Jordan,JOR,2018,3.051
Jordan,JOR,2019,3.033
Jordan,JOR,2020,3.49
Jordan,JOR,2021,4.068
Jordan,JOR,2022,3.163
Jordan,JOR,2023,3.049
Jordan,JOR,2024,3.121
Kazakhstan,KAZ,2016,7.208
Kazakhstan,KAZ,2017,7.063
Kazakhstan,KAZ,2018,6.97
Kazakhstan,KAZ,2019,6.911
Kazakhstan,KAZ,2020,8.585
Kazakhstan,KAZ,2021,9.645
Kazakhstan,KAZ,2022,6.992
Kazakhstan,KAZ,2023,6.709
Kazakhstan,KAZ,2024,6.697
Kenya,KEN,2016,7.169
Kenya,KEN,2017,7.126
Kenya,KEN,2018,7.186
Kenya,KEN,2019,7.294
Kenya,KEN,2020,7.937
Kenya,KEN,2021,8.124
Kenya,KEN,2022,7.212
Kenya,KEN,2023,7.211
Kenya,KEN,2024,7.18
Kiribati,KIR,2016,7.019
Kiribati,KIR,2017,7.083
Kiribati,KIR,2018,7.137
Kiribati,KIR,2019,7.171
Kiribati,KIR,2020,7.555
Kiribati,KIR,2021,8.152
Kiribati,KIR,2022,7.073
Kiribati,KIR,2023,7.046
Kiribati,KIR,2024,7.059
"Korea, Dem. People's Rep.",PRK,2016,8.592
"Korea, Dem. People's Rep.",PRK,2017,8.819
"Korea, Dem. People's Rep.",PRK,2018,9.063
"Korea, Dem. People's Rep.",PRK,2019,9.326
"Korea, Dem. People's Rep.",PRK,2020,9.721
"Korea, Dem. People's Rep.",PRK,2021,9.466
"Korea, Dem. People's Rep.",PRK,2022,9.484
"Korea, Dem. People's Rep.",PRK,2023,9.684
"Korea, Dem. People's Rep.",PRK,2024,9.858
"Korea, Rep.",KOR,2016,5.5
"Korea, Rep.",KOR,2017,5.6
"Korea, Rep.",KOR,2018,5.8
"Korea, Rep.",KOR,2019,5.7
"Korea, Rep.",KOR,2020,5.9
"Korea, Rep.",KOR,2021,6.2
"Korea, Rep.",KOR,2022,7.3
"Korea, Rep.",KOR,2023,6.9
"Korea, Rep.",KOR,2024,7.0
Kosovo,XKX,2016,5.401
Kosovo,XKX,2017,5.39
Kosovo,XKX,2018,5.568
Kosovo,XKX,2019,5.702
Kosovo,XKX,2020,8.553
Kosovo,XKX,2021,7.261
Kosovo,XKX,2022,5.885
Kosovo,XKX,2023,5.871
Kosovo,XKX,2024,5.973
Kuwait,KWT,2016,1.826
Kuwait,KWT,2017,1.861
Kuwait,KWT,2018,1.903
Kuwait,KWT,2019,1.64463780206516
Kuwait,KWT,2020,2.35541151840582
Kuwait,KWT,2021,2.59
Kuwait,KWT,2022,1.75198239171633
Kuwait,KWT,2023,1.53211676064858
Kuwait,KWT,2024,1.52
Kyrgyz Republic,KGZ,2016,5.5
Kyrgyz Republic,KGZ,2017,5.4
Kyrgyz Republic,KGZ,2018,5.2
Kyrgyz Republic,KGZ,2019,5.2
Kyrgyz Republic,KGZ,2020,6.1
Kyrgyz Republic,KGZ,2021,5.8
Kyrgyz Republic,KGZ,2022,4.5
Kyrgyz Republic,KGZ,2023,4.4
Kyrgyz Republic,KGZ,2024,4.4
Lao PDR,LAO,2016,7.201
Lao PDR,LAO,2017,6.945
Lao PDR,LAO,2018,6.766
Lao PDR,LAO,2019,6.599
Lao PDR,LAO,2020,6.473
Lao PDR,LAO,2021,6.674
Lao PDR,LAO,2022,6.265
Lao PDR,LAO,2023,6.221
Lao PDR,LAO,2024,6.187
Latvia,LVA,2016,14.6
Latvia,LVA,2017,14.8
Latvia,LVA,2018,15.0
Latvia,LVA,2019,14.5
Latvia,LVA,2020,15.2
Latvia,LVA,2021,18.4
Latvia,LVA,2022,16.4
Latvia,LVA,2023,14.9
Latvia,LVA,2024,14.3
Lebanon,LBN,2016,4.718
Lebanon,LBN,2017,4.984
Lebanon,LBN,2018,5.195
Lebanon,LBN,2019,5.458
Lebanon,LBN,2020,6.407
Lebanon,LBN,2021,8.421
Lebanon,LBN,2022,5.769
Lebanon,LBN,2023,5.962
Lebanon,LBN,2024,6.035
Lesotho,LSO,2016,13.259
Lesotho,LSO,2017,12.664
Lesotho,LSO,2018,12.197
Lesotho,LSO,2019,11.83
Lesotho,LSO,2020,11.887
Lesotho,LSO,2021,12.601
Lesotho,LSO,2022,10.918
Lesotho,LSO,2023,10.648
Lesotho,LSO,2024,10.478
Liberia,LBR,2016,8.934
Liberia,LBR,2017,8.765
Liberia,LBR,2018,8.64
Liberia,LBR,2019,8.513
Liberia,LBR,2020,8.497
Liberia,LBR,2021,8.51
Liberia,LBR,2022,8.159
Liberia,LBR,2023,8.071
Liberia,LBR,2024,8.016
Libya,LBY,2016,5.38
Libya,LBY,2017,5.094
Libya,LBY,2018,5.007
Libya,LBY,2019,5.165
Libya,LBY,2020,5.544
Libya,LBY,2021,5.842
Libya,LBY,2022,4.808
Libya,LBY,2023,6.654
Libya,LBY,2024,6.534
Liechtenstein,LIE,2016,7.2
Liechtenstein,LIE,2017,6.6
Liechtenstein,LIE,2018,7.2
Liechtenstein,LIE,2019,6.8
Liechtenstein,LIE,2020,8.2
Liechtenstein,LIE,2021,6.9
Liechtenstein,LIE,2022,7.1
Liechtenstein,LIE,2023,6.8
Liechtenstein,LIE,2024,7.5
Lithuania,LTU,2016,14.3
Lithuania,LTU,2017,14.1
Lithuania,LTU,2018,14.0
Lithuania,LTU,2019,13.6
Lithuania,LTU,2020,15.5
Lithuania,LTU,2021,17.0
Lithuania,LTU,2022,15.1
Lithuania,LTU,2023,12.9
Lithuania,LTU,2024,13.0
Luxembourg,LUX,2016,6.8
Luxembourg,LUX,2017,7.1
Luxembourg,LUX,2018,7.1
Luxembourg,LUX,2019,6.9
Luxembourg,LUX,2020,7.3
Luxembourg,LUX,2021,7.0
Luxembourg,LUX,2022,6.8
Luxembourg,LUX,2023,6.6
Luxembourg,LUX,2024,6.6
"Macao SAR, China",MAC,2016,3.4
"Macao SAR, China",MAC,2017,3.3
"Macao SAR, China",MAC,2018,3.1
"Macao SAR, China",MAC,2019,3.4
"Macao SAR, China",MAC,2020,3.3
"Macao SAR, China",MAC,2021,3.4
"Macao SAR, China",MAC,2022,4.4
"Macao SAR, China",MAC,2023,4.4
"Macao SAR, China",MAC,2024,3.6
Madagascar,MDG,2016,7.452
Madagascar,MDG,2017,7.48
Madagascar,MDG,2018,7.491
Madagascar,MDG,2019,7.518
Madagascar,MDG,2020,7.869
Madagascar,MDG,2021,7.94
Madagascar,MDG,2022,7.728
Madagascar,MDG,2023,7.528
Madagascar,MDG,2024,7.471
Malawi,MWI,2016,7.184
Malawi,MWI,2017,6.816
Malawi,MWI,2018,6.546
Malawi,MWI,2019,6.301
Malawi,MWI,2020,6.189
Malawi,MWI,2021,6.257
Malawi,MWI,2022,5.803
Malawi,MWI,2023,5.363
Malawi,MWI,2024,5.292
Malaysia,MYS,2016,4.915
Malaysia,MYS,2017,4.931
Malaysia,MYS,2018,4.946
Malaysia,MYS,2019,4.98
Malaysia,MYS,2020,5.034
Malaysia,MYS,2021,6.201
Malaysia,MYS,2022,5.547
Malaysia,MYS,2023,5.158
Malaysia,MYS,2024,5.273
Maldives,MDV,2016,2.763
Maldives,MDV,2017,2.685
Maldives,MDV,2018,2.642
Maldives,MDV,2019,2.579
Maldives,MDV,2020,2.963
Maldives,MDV,2021,3.118
Maldives,MDV,2022,2.329
Maldives,MDV,2023,2.338
Maldives,MDV,2024,2.364
Mali,MLI,2016,10.268
Mali,MLI,2017,10.033
Mali,MLI,2018,9.774
Mali,MLI,2019,9.475
Mali,MLI,2020,9.502
Mali,MLI,2021,9.277
Mali,MLI,2022,8.859
Mali,MLI,2023,8.627
Mali,MLI,2024,8.51
Malta,MLT,2016,7.4
Malta,MLT,2017,7.6
Malta,MLT,2018,7.6
Malta,MLT,2019,7.3
Malta,MLT,2020,7.9
Malta,MLT,2021,8.0
Malta,MLT,2022,8.0
Malta,MLT,2023,7.3
Malta,MLT,2024,7.3
Marshall Islands,MHL,2016,6.563
Marshall Islands,MHL,2017,6.639
Marshall Islands,MHL,2018,6.714
Marshall Islands,MHL,2019,6.787
Marshall Islands,MHL,2020,7.296
Marshall Islands,MHL,2021,7.389
Marshall Islands,MHL,2022,6.862
Marshall Islands,MHL,2023,6.968
Marshall Islands,MHL,2024,7.131
Mauritania,MRT,2016,6.731
Mauritania,MRT,2017,6.513
Mauritania,MRT,2018,6.286
Mauritania,MRT,2019,6.115
Mauritania,MRT,2020,6.41
Mauritania,MRT,2021,6.29
Mauritania,MRT,2022,5.627
Mauritania,MRT,2023,5.52
Mauritania,MRT,2024,5.414
Mauritius,MUS,2016,8.1
Mauritius,MUS,2017,8.1
Mauritius,MUS,2018,8.6
Mauritius,MUS,2019,8.9
Mauritius,MUS,2020,8.8
Mauritius,MUS,2021,10.6
Mauritius,MUS,2022,10.3
Mauritius,MUS,2023,9.5
Mauritius,MUS,2024,10.0
Mexico,MEX,2016,5.868
Mexico,MEX,2017,5.997
Mexico,MEX,2018,6.071
Mexico,MEX,2019,6.083
Mexico,MEX,2020,8.429
Mexico,MEX,2021,9.015
Mexico,MEX,2022,6.521
Mexico,MEX,2023,6.161
Mexico,MEX,2024,6.219
"Micronesia, Fed. Sts.",FSM,2016,7.488
"Micronesia, Fed. Sts.",FSM,2017,7.531
"Micronesia, Fed. Sts.",FSM,2018,7.582
"Micronesia, Fed. Sts.",FSM,2019,7.6
"Micronesia, Fed. Sts.",FSM,2020,7.97
"Micronesia, Fed. Sts.",FSM,2021,7.916
"Micronesia, Fed. Sts.",FSM,2022,7.613
"Micronesia, Fed. Sts.",FSM,2023,7.64
"Micronesia, Fed. Sts.",FSM,2024,7.712
Moldova,MDA,2016,13.246
Moldova,MDA,2017,13.253
Moldova,MDA,2018,13.63
Moldova,MDA,2019,13.919
Moldova,MDA,2020,14.759
Moldova,MDA,2021,16.7
Moldova,MDA,2022,13.07
Moldova,MDA,2023,13.606
Moldova,MDA,2024,13.823
Monaco,MCO,2016,20.841
Monaco,MCO,2017,21.068
Monaco,MCO,2018,21.274
Monaco,MCO,2019,22.362
Monaco,MCO,2020,21.439
Monaco,MCO,2021,24.387
Monaco,MCO,2022,23.496
Monaco,MCO,2023,20.971
Monaco,MCO,2024,20.141
Mongolia,MNG,2016,5.8
Mongolia,MNG,2017,5.5
Mongolia,MNG,2018,5.6
Mongolia,MNG,2019,5.6
Mongolia,MNG,2020,5.1
Mongolia,MNG,2021,6.2
Mongolia,MNG,2022,5.6
Mongolia,MNG,2023,5.5
Mongolia,MNG,2024,5.5
Montenegro,MNE,2016,10.3
Montenegro,MNE,2017,10.4
Montenegro,MNE,2018,10.4
Montenegro,MNE,2019,10.5
Montenegro,MNE,2020,11.6
Montenegro,MNE,2021,14.6
Montenegro,MNE,2022,11.3
Montenegro,MNE,2023,10.1
Montenegro,MNE,2024,10.2
Morocco,MAR,2016,5.672
Morocco,MAR,2017,5.63
Morocco,MAR,2018,5.616
Morocco,MAR,2019,5.629
Morocco,MAR,2020,6.479
Morocco,MAR,2021,6.422
Morocco,MAR,2022,5.572
Morocco,MAR,2023,5.638
Morocco,MAR,2024,5.726
Mozambique,MOZ,2016,8.984
Mozambique,MOZ,2017,8.633
Mozambique,MOZ,2018,8.324
Mozambique,MOZ,2019,8.078
Mozambique,MOZ,2020,8.007
Mozambique,MOZ,2021,8.403
Mozambique,MOZ,2022,7.255
Mozambique,MOZ,2023,7.002
Mozambique,MOZ,2024,6.908
Myanmar,MMR,2016,8.861
Myanmar,MMR,2017,8.855
Myanmar,MMR,2018,8.827
Myanmar,MMR,2019,8.847
Myanmar,MMR,2020,8.994
Myanmar,MMR,2021,9.819
Myanmar,MMR,2022,9.18
Myanmar,MMR,2023,9.153
Myanmar,MMR,2024,9.176
Namibia,NAM,2016,8.898
Namibia,NAM,2017,8.52
Namibia,NAM,2018,8.127
Namibia,NAM,2019,7.722
Namibia,NAM,2020,7.519
Namibia,NAM,2021,9.175
Namibia,NAM,2022,7.471
Namibia,NAM,2023,6.169
Namibia,NAM,2024,6.176
Nauru,NRU,2016,7.628
Nauru,NRU,2017,7.608
Nauru,NRU,2018,7.578
Nauru,NRU,2019,7.573
Nauru,NRU,2020,7.552
Nauru,NRU,2021,7.661
Nauru,NRU,2022,7.472
Nauru,NRU,2023,7.519
Nauru,NRU,2024,7.574
Nepal,NPL,2016,7.065
Nepal,NPL,2017,7.07
Nepal,NPL,2018,7.07
Nepal,NPL,2019,7.024
Nepal,NPL,2020,7.272
Nepal,NPL,2021,7.761
Nepal,NPL,2022,6.888
Nepal,NPL,2023,6.932
Nepal,NPL,2024,6.972
Netherlands,NLD,2016,8.7
Netherlands,NLD,2017,8.8
Netherlands,NLD,2018,8.9
Netherlands,NLD,2019,8.8
Netherlands,NLD,2020,9.7
Netherlands,NLD,2021,9.8
Netherlands,NLD,2022,9.6
Netherlands,NLD,2023,9.5
Netherlands,NLD,2024,9.6
New Caledonia,NCL,2016,5.813
New Caledonia,NCL,2017,5.933
New Caledonia,NCL,2018,6.07
New Caledonia,NCL,2019,6.278
New Caledonia,NCL,2020,7.412
New Caledonia,NCL,2021,6.664
New Caledonia,NCL,2022,6.8
New Caledonia,NCL,2023,6.271
New Caledonia,NCL,2024,6.251
New Zealand,NZL,2016,6.61
New Zealand,NZL,2017,6.92
New Zealand,NZL,2018,6.78
New Zealand,NZL,2019,6.88
New Zealand,NZL,2020,6.43
New Zealand,NZL,2021,6.87
New Zealand,NZL,2022,7.58
New Zealand,NZL,2023,7.29
New Zealand,NZL,2024,7.13
Nicaragua,NIC,2016,4.959
Nicaragua,NIC,2017,4.949
Nicaragua,NIC,2018,4.832
Nicaragua,NIC,2019,4.95
Nicaragua,NIC,2020,6.663
Nicaragua,NIC,2021,6.618
Nicaragua,NIC,2022,4.691
Nicaragua,NIC,2023,4.586
Nicaragua,NIC,2024,4.636
Niger,NER,2016,10.156
Niger,NER,2017,9.957
Niger,NER,2018,9.769
Niger,NER,2019,9.573
Niger,NER,2020,9.526
Niger,NER,2021,9.55
Niger,NER,2022,9.173
Niger,NER,2023,8.859
Niger,NER,2024,8.719
Nigeria,NGA,2016,13.408
Nigeria,NGA,2017,13.192
Nigeria,NGA,2018,12.952
Nigeria,NGA,2019,12.679
Nigeria,NGA,2020,12.586
Nigeria,NGA,2021,12.306
Nigeria,NGA,2022,11.953
Nigeria,NGA,2023,11.74
Nigeria,NGA,2024,11.641
North Macedonia,MKD,2016,9.853364793075
North Macedonia,MKD,2017,9.8
North Macedonia,MKD,2018,9.5
North Macedonia,MKD,2019,9.8
North Macedonia,MKD,2020,12.4
North Macedonia,MKD,2021,15.5
North Macedonia,MKD,2022,12.3
North Macedonia,MKD,2023,11.0
North Macedonia,MKD,2024,11.1
Northern Mariana Islands,MNP,2016,3.9
Northern Mariana Islands,MNP,2017,4.016
Northern Mariana Islands,MNP,2018,4.133
Northern Mariana Islands,MNP,2019,4.142
Northern Mariana Islands,MNP,2020,4.146
Northern Mariana Islands,MNP,2021,4.381
Northern Mariana Islands,MNP,2022,4.505
Northern Mariana Islands,MNP,2023,4.704
Northern Mariana Islands,MNP,2024,4.977
Norway,NOR,2016,7.8
Norway,NOR,2017,7.7
Norway,NOR,2018,7.7
Norway,NOR,2019,7.6
Norway,NOR,2020,7.5
Norway,NOR,2021,7.8
Norway,NOR,2022,8.4
Norway,NOR,2023,7.9
Norway,NOR,2024,7.9
Oman,OMN,2016,2.017
Oman,OMN,2017,1.993
Oman,OMN,2018,1.992
Oman,OMN,2019,2.001
Oman,OMN,2020,2.444
Oman,OMN,2021,2.785
Oman,OMN,2022,2.13
Oman,OMN,2023,1.901
Oman,OMN,2024,1.904
Pakistan,PAK,2016,7.039
Pakistan,PAK,2017,6.94
Pakistan,PAK,2018,6.852
Pakistan,PAK,2019,6.772
Pakistan,PAK,2020,7.301
Pakistan,PAK,2021,7.23
Pakistan,PAK,2022,6.513
Pakistan,PAK,2023,6.466
Pakistan,PAK,2024,6.445
Palau,PLW,2016,9.774
Palau,PLW,2017,10.047
Palau,PLW,2018,10.341
Palau,PLW,2019,10.631
Palau,PLW,2020,11.13
Palau,PLW,2021,11.538
Palau,PLW,2022,11.502
Palau,PLW,2023,11.495
Palau,PLW,2024,11.729
Panama,PAN,2016,4.739
Panama,PAN,2017,4.782
Panama,PAN,2018,4.722
Panama,PAN,2019,4.719
Panama,PAN,2020,5.864
Panama,PAN,2021,5.643
Panama,PAN,2022,4.751
Panama,PAN,2023,4.771
Panama,PAN,2024,4.914
Papua New Guinea,PNG,2016,6.744
Papua New Guinea,PNG,2017,6.692
Papua New Guinea,PNG,2018,6.661
Papua New Guinea,PNG,2019,6.624
Papua New Guinea,PNG,2020,6.824
Papua New Guinea,PNG,2021,7.229
Papua New Guinea,PNG,2022,6.846
Papua New Guinea,PNG,2023,6.516
Papua New Guinea,PNG,2024,6.554
Paraguay,PRY,2016,5.396
Paraguay,PRY,2017,5.501
Paraguay,PRY,2018,5.514
Paraguay,PRY,2019,5.584
Paraguay,PRY,2020,6.095
Paraguay,PRY,2021,8.92
Paraguay,PRY,2022,6.359
Paraguay,PRY,2023,5.703
Paraguay,PRY,2024,5.697
Peru,PER,2016,6.036
Peru,PER,2017,6.102
Peru,PER,2018,6.173
Peru,PER,2019,6.16
Peru,PER,2020,7.415
Peru,PER,2021,9.297
Peru,PER,2022,6.389
Peru,PER,2023,5.491
Peru,PER,2024,5.595
Philippines,PHL,2016,5.662
Philippines,PHL,2017,5.565
Philippines,PHL,2018,5.753
Philippines,PHL,2019,5.896
Philippines,PHL,2020,5.831
Philippines,PHL,2021,7.992
Philippines,PHL,2022,6.266
Philippines,PHL,2023,6.236
Philippines,PHL,2024,6.35
Poland,POL,2016,10.2
Poland,POL,2017,10.6
Poland,POL,2018,10.9
Poland,POL,2019,10.8
Poland,POL,2020,12.7
Poland,POL,2021,14.0
Poland,POL,2022,12.2
Poland,POL,2023,11.1
Poland,POL,2024,11.2
Portugal,PRT,2016,10.7
Portugal,PRT,2017,10.6
Portugal,PRT,2018,10.9
Portugal,PRT,2019,10.8
Portugal,PRT,2020,11.9
Portugal,PRT,2021,12.0
Portugal,PRT,2022,11.9
Portugal,PRT,2023,11.2
Portugal,PRT,2024,11.1
Puerto Rico (US),PRI,2016,8.86
Puerto Rico (US),PRI,2017,9.222
Puerto Rico (US),PRI,2018,9.063
Puerto Rico (US),PRI,2019,9.194
Puerto Rico (US),PRI,2020,10.131
Puerto Rico (US),PRI,2021,10.2
Puerto Rico (US),PRI,2022,11.0
Puerto Rico (US),PRI,2023,10.7
Puerto Rico (US),PRI,2024,10.3
Qatar,QAT,2016,0.92
Qatar,QAT,2017,0.901
Qatar,QAT,2018,0.877
Qatar,QAT,2019,0.841
Qatar,QAT,2020,1.053
Qatar,QAT,2021,1.053
Qatar,QAT,2022,0.932
Qatar,QAT,2023,0.93
Qatar,QAT,2024,1.051
Romania,ROU,2016,13.1
Romania,ROU,2017,13.4
Romania,ROU,2018,13.6
Romania,ROU,2019,13.4
Romania,ROU,2020,15.5
Romania,ROU,2021,17.5
Romania,ROU,2022,14.3
Romania,ROU,2023,12.8
Romania,ROU,2024,12.8
Russian Federation,RUS,2016,12.9
Russian Federation,RUS,2017,12.4
Russian Federation,RUS,2018,12.5
Russian Federation,RUS,2019,12.3
Russian Federation,RUS,2020,14.6
Russian Federation,RUS,2021,16.7
Russian Federation,RUS,2022,12.9
Russian Federation,RUS,2023,12.1
Russian Federation,RUS,2024,12.4
Rwanda,RWA,2016,6.336
Rwanda,RWA,2017,6.234
Rwanda,RWA,2018,6.206
Rwanda,RWA,2019,6.132
Rwanda,RWA,2020,6.089
Rwanda,RWA,2021,6.185
Rwanda,RWA,2022,5.993
Rwanda,RWA,2023,5.935
Rwanda,RWA,2024,5.895
Samoa,WSM,2016,6.087
Samoa,WSM,2017,6.1
Samoa,WSM,2018,6.147
Samoa,WSM,2019,6.529
Samoa,WSM,2020,6.496
Samoa,WSM,2021,6.405
Samoa,WSM,2022,6.181
Samoa,WSM,2023,6.157
Samoa,WSM,2024,6.16
San Marino,SMR,2016,7.6
San Marino,SMR,2017,8.2
San Marino,SMR,2018,7.1
San Marino,SMR,2019,7.2
San Marino,SMR,2020,9.9
San Marino,SMR,2021,9.1
San Marino,SMR,2022,7.8
San Marino,SMR,2023,8.3
San Marino,SMR,2024,7.5
Sao Tome and Principe,STP,2016,6.53
Sao Tome and Principe,STP,2017,6.371
Sao Tome and Principe,STP,2018,6.219
Sao Tome and Principe,STP,2019,6.117
Sao Tome and Principe,STP,2020,6.227
Sao Tome and Principe,STP,2021,6.196
Sao Tome and Principe,STP,2022,5.732
Sao Tome and Principe,STP,2023,5.572
Sao Tome and Principe,STP,2024,5.53
Saudi Arabia,SAU,2016,2.178
Saudi Arabia,SAU,2017,2.174
Saudi Arabia,SAU,2018,2.228
Saudi Arabia,SAU,2019,2.295
Saudi Arabia,SAU,2020,2.46
Saudi Arabia,SAU,2021,2.615
Saudi Arabia,SAU,2022,2.57
Saudi Arabia,SAU,2023,2.34
Saudi Arabia,SAU,2024,2.337
Senegal,SEN,2016,6.459
Senegal,SEN,2017,6.283
Senegal,SEN,2018,6.119
Senegal,SEN,2019,5.979
Senegal,SEN,2020,6.052
Senegal,SEN,2021,6.307
Senegal,SEN,2022,5.92
Senegal,SEN,2023,5.581
Senegal,SEN,2024,5.505
Serbia,SRB,2016,14.3
Serbia,SRB,2017,14.8
Serbia,SRB,2018,14.6
Serbia,SRB,2019,14.6
Serbia,SRB,2020,16.9
Serbia,SRB,2021,20.0
Serbia,SRB,2022,16.3
Serbia,SRB,2023,14.7
Serbia,SRB,2024,14.9
Seychelles,SYC,2016,7.9
Seychelles,SYC,2017,7.8
Seychelles,SYC,2018,8.4
Seychelles,SYC,2019,8.1
Seychelles,SYC,2020,6.8
Seychelles,SYC,2021,9.3
Seychelles,SYC,2022,7.8
Seychelles,SYC,2023,7.3
Seychelles,SYC,2024,7.0
Sierra Leone,SLE,2016,10.769
Sierra Leone,SLE,2017,10.329
Sierra Leone,SLE,2018,9.676
Sierra Leone,SLE,2019,9.39
Sierra Leone,SLE,2020,9.319
Sierra Leone,SLE,2021,8.996
Sierra Leone,SLE,2022,8.523
Sierra Leone,SLE,2023,8.287
Sierra Leone,SLE,2024,8.211
Singapore,SGP,2016,4.8
Singapore,SGP,2017,5.0
Singapore,SGP,2018,5.0
Singapore,SGP,2019,5.0
Singapore,SGP,2020,5.2
Singapore,SGP,2021,5.8
Singapore,SGP,2022,6.3
Singapore,SGP,2023,6.2
Singapore,SGP,2024,6.0
Sint Maarten (Dutch part),SXM,2016,5.69
Sint Maarten (Dutch part),SXM,2017,6.185
Sint Maarten (Dutch part),SXM,2018,6.475
Sint Maarten (Dutch part),SXM,2019,6.879
Sint Maarten (Dutch part),SXM,2020,7.902
Sint Maarten (Dutch part),SXM,2021,8.819
Sint Maarten (Dutch part),SXM,2022,7.981
Sint Maarten (Dutch part),SXM,2023,8.126
Sint Maarten (Dutch part),SXM,2024,8.303
Slovak Republic,SVK,2016,9.6
Slovak Republic,SVK,2017,9.9
Slovak Republic,SVK,2018,10.0
Slovak Republic,SVK,2019,9.8
Slovak Republic,SVK,2020,10.8
Slovak Republic,SVK,2021,13.5
Slovak Republic,SVK,2022,11.0
Slovak Republic,SVK,2023,10.0
Slovak Republic,SVK,2024,9.9
Slovenia,SVN,2016,9.5
Slovenia,SVN,2017,9.9
Slovenia,SVN,2018,9.9
Slovenia,SVN,2019,9.9
Slovenia,SVN,2020,11.4
Slovenia,SVN,2021,11.0
Slovenia,SVN,2022,10.6
Slovenia,SVN,2023,10.2
Slovenia,SVN,2024,10.1
Solomon Islands,SLB,2016,5.431
Solomon Islands,SLB,2017,5.44
Solomon Islands,SLB,2018,5.47
Solomon Islands,SLB,2019,5.547
Solomon Islands,SLB,2020,5.82
Solomon Islands,SLB,2021,5.898
Solomon Islands,SLB,2022,5.194
Solomon Islands,SLB,2023,5.141
Solomon Islands,SLB,2024,5.083
"Somalia, Fed. Rep.",SOM,2016,12.054
"Somalia, Fed. Rep.",SOM,2017,14.073
"Somalia, Fed. Rep.",SOM,2018,12.391
"Somalia, Fed. Rep.",SOM,2019,10.908
"Somalia, Fed. Rep.",SOM,2020,10.834
"Somalia, Fed. Rep.",SOM,2021,11.3
"Somalia, Fed. Rep.",SOM,2022,12.812
"Somalia, Fed. Rep.",SOM,2023,9.835
"Somalia, Fed. Rep.",SOM,2024,9.741
South Africa,ZAF,2016,9.069
South Africa,ZAF,2017,8.83
South Africa,ZAF,2018,8.789
South Africa,ZAF,2019,8.75
South Africa,ZAF,2020,9.683
South Africa,ZAF,2021,11.933
South Africa,ZAF,2022,9.402
South Africa,ZAF,2023,9.239
South Africa,ZAF,2024,9.237
South Sudan,SSD,2016,24.844
South Sudan,SSD,2017,25.765
South Sudan,SSD,2018,12.423
South Sudan,SSD,2019,9.302
South Sudan,SSD,2020,9.594
South Sudan,SSD,2021,10.038
South Sudan,SSD,2022,9.906
South Sudan,SSD,2023,9.609
South Sudan,SSD,2024,9.821
Spain,ESP,2016,8.8
Spain,ESP,2017,9.1
Spain,ESP,2018,9.1
Spain,ESP,2019,8.8
Spain,ESP,2020,10.4
Spain,ESP,2021,9.5
Spain,ESP,2022,9.7
Spain,ESP,2023,9.0
Spain,ESP,2024,8.9
Sri Lanka,LKA,2016,6.493
Sri Lanka,LKA,2017,6.608
Sri Lanka,LKA,2018,6.677
Sri Lanka,LKA,2019,6.7
Sri Lanka,LKA,2020,6.0
Sri Lanka,LKA,2021,7.4
Sri Lanka,LKA,2022,8.1
Sri Lanka,LKA,2023,8.2
Sri Lanka,LKA,2024,7.8
St. Kitts and Nevis,KNA,2016,9.672
St. Kitts and Nevis,KNA,2017,9.785
St. Kitts and Nevis,KNA,2018,9.916
St. Kitts and Nevis,KNA,2019,9.985
St. Kitts and Nevis,KNA,2020,10.492
St. Kitts and Nevis,KNA,2021,12.687
St. Kitts and Nevis,KNA,2022,11.658
St. Kitts and Nevis,KNA,2023,9.963
St. Kitts and Nevis,KNA,2024,9.977
St. Lucia,LCA,2016,7.84
St. Lucia,LCA,2017,7.991
St. Lucia,LCA,2018,8.058
St. Lucia,LCA,2019,8.425
St. Lucia,LCA,2020,8.556
St. Lucia,LCA,2021,11.654
St. Lucia,LCA,2022,8.455
St. Lucia,LCA,2023,8.614
St. Lucia,LCA,2024,8.712
St. Martin (French part),MAF,2016,4.169
St. Martin (French part),MAF,2017,4.687
St. Martin (French part),MAF,2018,4.476
St. Martin (French part),MAF,2019,6.886
St. Martin (French part),MAF,2020,12.649
St. Martin (French part),MAF,2021,8.933
St. Martin (French part),MAF,2022,9.021
St. Martin (French part),MAF,2023,9.282
St. Martin (French part),MAF,2024,9.657
St. Vincent and the Grenadines,VCT,2016,10.979
St. Vincent and the Grenadines,VCT,2017,10.916
St. Vincent and the Grenadines,VCT,2018,11.1
St. Vincent and the Grenadines,VCT,2019,11.288
St. Vincent and the Grenadines,VCT,2020,12.927
St. Vincent and the Grenadines,VCT,2021,12.724
St. Vincent and the Grenadines,VCT,2022,11.45
St. Vincent and the Grenadines,VCT,2023,11.499
St. Vincent and the Grenadines,VCT,2024,11.536
Sudan,SDN,2016,6.948
Sudan,SDN,2017,6.741
Sudan,SDN,2018,6.646
Sudan,SDN,2019,6.549
Sudan,SDN,2020,6.786
Sudan,SDN,2021,6.996
Sudan,SDN,2022,6.522
Sudan,SDN,2023,6.404
Sudan,SDN,2024,6.335
Suriname,SUR,2016,7.069
Suriname,SUR,2017,7.041
Suriname,SUR,2018,7.061
Suriname,SUR,2019,7.034
Suriname,SUR,2020,6.848
Suriname,SUR,2021,9.013
Suriname,SUR,2022,6.687
Suriname,SUR,2023,6.649
Suriname,SUR,2024,6.841
Sweden,SWE,2016,9.2
Sweden,SWE,2017,9.1
Sweden,SWE,2018,9.1
Sweden,SWE,2019,8.6
Sweden,SWE,2020,9.5
Sweden,SWE,2021,8.8
Sweden,SWE,2022,9.0
Sweden,SWE,2023,9.0
Sweden,SWE,2024,8.6
Switzerland,CHE,2016,7.8
Switzerland,CHE,2017,7.9
Switzerland,CHE,2018,7.9
Switzerland,CHE,2019,7.9
Switzerland,CHE,2020,8.8
Switzerland,CHE,2021,8.2
Switzerland,CHE,2022,8.5
Switzerland,CHE,2023,8.1
Switzerland,CHE,2024,8.0
Syrian Arab Republic,SYR,2016,7.323
Syrian Arab Republic,SYR,2017,7.246
Syrian Arab Republic,SYR,2018,6.544
Syrian Arab Republic,SYR,2019,5.284
Syrian Arab Republic,SYR,2020,5.058
Syrian Arab Republic,SYR,2021,4.964
Syrian Arab Republic,SYR,2022,4.773
Syrian Arab Republic,SYR,2023,5.039
Syrian Arab Republic,SYR,2024,4.932
Tajikistan,TJK,2016,5.162
Tajikistan,TJK,2017,4.953
Tajikistan,TJK,2018,4.898
Tajikistan,TJK,2019,4.843
Tajikistan,TJK,2020,5.85
Tajikistan,TJK,2021,5.385
Tajikistan,TJK,2022,4.618
Tajikistan,TJK,2023,4.581
Tajikistan,TJK,2024,4.591
Tanzania,TZA,2016,6.8
Tanzania,TZA,2017,6.581
Tanzania,TZA,2018,6.382
Tanzania,TZA,2019,6.183
Tanzania,TZA,2020,5.909
Tanzania,TZA,2021,6.091
Tanzania,TZA,2022,5.844
Tanzania,TZA,2023,5.791
Tanzania,TZA,2024,5.721
Thailand,THA,2016,6.918
Thailand,THA,2017,7.029
Thailand,THA,2018,7.167
Thailand,THA,2019,7.422
Thailand,THA,2020,7.618
Thailand,THA,2021,7.744
Thailand,THA,2022,9.231
Thailand,THA,2023,8.888
Thailand,THA,2024,9.033
Timor-Leste,TLS,2016,7.606
Timor-Leste,TLS,2017,7.559
Timor-Leste,TLS,2018,7.513
Timor-Leste,TLS,2019,7.477
Timor-Leste,TLS,2020,7.39
Timor-Leste,TLS,2021,7.842
Timor-Leste,TLS,2022,7.362
Timor-Leste,TLS,2023,7.271
Timor-Leste,TLS,2024,7.219
Togo,TGO,2016,10.032
Togo,TGO,2017,9.881
Togo,TGO,2018,9.757
Togo,TGO,2019,9.58
Togo,TGO,2020,9.537
Togo,TGO,2021,9.42
Togo,TGO,2022,8.955
Togo,TGO,2023,8.731
Togo,TGO,2024,8.486
Tonga,TON,2016,6.386
Tonga,TON,2017,6.363
Tonga,TON,2018,6.401
Tonga,TON,2019,6.426
Tonga,TON,2020,6.459
Tonga,TON,2021,6.701
Tonga,TON,2022,6.476
Tonga,TON,2023,6.442
Tonga,TON,2024,6.442
Trinidad and Tobago,TTO,2016,7.312
Trinidad and Tobago,TTO,2017,7.494
Trinidad and Tobago,TTO,2018,7.742
Trinidad and Tobago,TTO,2019,7.948
Trinidad and Tobago,TTO,2020,8.312
Trinidad and Tobago,TTO,2021,9.762
Trinidad and Tobago,TTO,2022,8.225
Trinidad and Tobago,TTO,2023,8.368
Trinidad and Tobago,TTO,2024,8.739
Tunisia,TUN,2016,6.041
Tunisia,TUN,2017,6.068
Tunisia,TUN,2018,6.087
Tunisia,TUN,2019,6.099
Tunisia,TUN,2020,6.648
Tunisia,TUN,2021,8.348
Tunisia,TUN,2022,6.159
Tunisia,TUN,2023,6.071
Tunisia,TUN,2024,6.128
Turkiye,TUR,2016,5.3
Turkiye,TUR,2017,5.3
Turkiye,TUR,2018,5.2
Turkiye,TUR,2019,5.3
Turkiye,TUR,2020,6.1
Turkiye,TUR,2021,6.7
Turkiye,TUR,2022,5.9
Turkiye,TUR,2023,6.2
Turkiye,TUR,2024,5.7
Turkmenistan,TKM,2016,6.095
Turkmenistan,TKM,2017,6.076
Turkmenistan,TKM,2018,6.039
Turkmenistan,TKM,2019,5.986
Turkmenistan,TKM,2020,6.276
Turkmenistan,TKM,2021,6.044
Turkmenistan,TKM,2022,5.787
Turkmenistan,TKM,2023,5.781
Turkmenistan,TKM,2024,5.836
Turks and Caicos Islands,TCA,2016,6.662
Turks and Caicos Islands,TCA,2017,6.796
Turks and Caicos Islands,TCA,2018,6.92
Turks and Caicos Islands,TCA,2019,7.04
Turks and Caicos Islands,TCA,2020,7.389
Turks and Caicos Islands,TCA,2021,7.713
Turks and Caicos Islands,TCA,2022,7.372
Turks and Caicos Islands,TCA,2023,7.401
Turks and Caicos Islands,TCA,2024,7.39
Tuvalu,TUV,2016,9.335
Tuvalu,TUV,2017,9.255
Tuvalu,TUV,2018,9.18
Tuvalu,TUV,2019,9.19
Tuvalu,TUV,2020,9.177
Tuvalu,TUV,2021,9.593
Tuvalu,TUV,2022,9.066
Tuvalu,TUV,2023,9.138
Tuvalu,TUV,2024,9.268
Uganda,UGA,2016,6.073
Uganda,UGA,2017,5.82
Uganda,UGA,2018,5.613
Uganda,UGA,2019,5.42
Uganda,UGA,2020,5.373
Uganda,UGA,2021,5.339
Uganda,UGA,2022,5.035
Uganda,UGA,2023,4.842
Uganda,UGA,2024,4.767
Ukraine,UKR,2016,12.589
Ukraine,UKR,2017,12.265
Ukraine,UKR,2018,13.157
Ukraine,UKR,2019,13.079
Ukraine,UKR,2020,14.438
Ukraine,UKR,2021,17.134
Ukraine,UKR,2022,14.188
Ukraine,UKR,2023,13.13
Ukraine,UKR,2024,13.603
United Arab Emirates,ARE,2016,1.007
United Arab Emirates,ARE,2017,0.97
United Arab Emirates,ARE,2018,0.957
United Arab Emirates,ARE,2019,0.958
United Arab Emirates,ARE,2020,1.118
United Arab Emirates,ARE,2021,1.258
United Arab Emirates,ARE,2022,1.18
United Arab Emirates,ARE,2023,0.932
United Arab Emirates,ARE,2024,0.972
United Kingdom,GBR,2016,9.1
United Kingdom,GBR,2017,9.2
United Kingdom,GBR,2018,9.2
United Kingdom,GBR,2019,9.019
United Kingdom,GBR,2020,10.268
United Kingdom,GBR,2021,9.784
United Kingdom,GBR,2022,9.512
United Kingdom,GBR,2023,9.518
United Kingdom,GBR,2024,9.701
United States,USA,2016,8.493
United States,USA,2017,8.638
United States,USA,2018,8.678
United States,USA,2019,8.697
United States,USA,2020,10.27
United States,USA,2021,10.4
United States,USA,2022,9.8
United States,USA,2023,9.2
United States,USA,2024,9.0
Uruguay,URY,2016,9.581
Uruguay,URY,2017,9.488
Uruguay,URY,2018,9.53
Uruguay,URY,2019,9.754
Uruguay,URY,2020,9.219
Uruguay,URY,2021,11.726
Uruguay,URY,2022,10.832
Uruguay,URY,2023,9.783
Uruguay,URY,2024,9.933
Uzbekistan,UZB,2016,5.963
Uzbekistan,UZB,2017,5.962
Uzbekistan,UZB,2018,5.933
Uzbekistan,UZB,2019,5.97
Uzbekistan,UZB,2020,6.467
Uzbekistan,UZB,2021,6.32
Uzbekistan,UZB,2022,6.048
Uzbekistan,UZB,2023,6.206
Uzbekistan,UZB,2024,6.034
Vanuatu,VUT,2016,5.621
Vanuatu,VUT,2017,5.619
Vanuatu,VUT,2018,5.56
Vanuatu,VUT,2019,5.494
Vanuatu,VUT,2020,5.739
Vanuatu,VUT,2021,5.797
Vanuatu,VUT,2022,5.167
Vanuatu,VUT,2023,5.083
Vanuatu,VUT,2024,5.018
"Venezuela, RB",VEN,2016,6.572
"Venezuela, RB",VEN,2017,6.8
"Venezuela, RB",VEN,2018,6.685
"Venezuela, RB",VEN,2019,6.802
"Venezuela, RB",VEN,2020,7.202
"Venezuela, RB",VEN,2021,7.862
"Venezuela, RB",VEN,2022,7.347
"Venezuela, RB",VEN,2023,7.56
"Venezuela, RB",VEN,2024,7.678
Viet Nam,VNM,2016,6.195
Viet Nam,VNM,2017,6.238
Viet Nam,VNM,2018,6.263
Viet Nam,VNM,2019,6.3
Viet Nam,VNM,2020,5.813
Viet Nam,VNM,2021,6.653
Viet Nam,VNM,2022,6.488
Viet Nam,VNM,2023,6.577
Viet Nam,VNM,2024,6.646
Virgin Islands (U.S.),VIR,2016,7.5
Virgin Islands (U.S.),VIR,2017,7.7
Virgin Islands (U.S.),VIR,2018,7.9
Virgin Islands (U.S.),VIR,2019,8.2
Virgin Islands (U.S.),VIR,2020,8.4
Virgin Islands (U.S.),VIR,2021,8.6
Virgin Islands (U.S.),VIR,2022,8.8
Virgin Islands (U.S.),VIR,2023,9.0
Virgin Islands (U.S.),VIR,2024,9.2
West Bank and Gaza,PSE,2016,3.262
West Bank and Gaza,PSE,2017,3.218
West Bank and Gaza,PSE,2018,3.217
West Bank and Gaza,PSE,2019,3.134
West Bank and Gaza,PSE,2020,3.391
West Bank and Gaza,PSE,2021,3.768
West Bank and Gaza,PSE,2022,2.992
West Bank and Gaza,PSE,2023,7.198
West Bank and Gaza,PSE,2024,5.87
"Yemen, Rep.",YEM,2016,5.647
"Yemen, Rep.",YEM,2017,5.644
"Yemen, Rep.",YEM,2018,6.114
"Yemen, Rep.",YEM,2019,5.859
"Yemen, Rep.",YEM,2020,5.832
"Yemen, Rep.",YEM,2021,5.953
"Yemen, Rep.",YEM,2022,5.232
"Yemen, Rep.",YEM,2023,4.792
"Yemen, Rep.",YEM,2024,4.734
Zambia,ZMB,2016,7.203
Zambia,ZMB,2017,7.005
Zambia,ZMB,2018,6.775
Zambia,ZMB,2019,6.482
Zambia,ZMB,2020,6.26
Zambia,ZMB,2021,6.607
Zambia,ZMB,2022,5.583
Zambia,ZMB,2023,5.207
Zambia,ZMB,2024,5.165
Zimbabwe,ZWE,2016,8.816
Zimbabwe,ZWE,2017,8.587
Zimbabwe,ZWE,2018,8.321
Zimbabwe,ZWE,2019,8.281
Zimbabwe,ZWE,2020,8.138
Zimbabwe,ZWE,2021,8.782
Zimbabwe,ZWE,2022,7.779
Zimbabwe,ZWE,2023,7.614
Zimbabwe,ZWE,2024,7.498
